Olympic Year,Mean height (inches)
1960,66.00821418779529
1964,66.21810803838582
1968,66.42455096259843
1972,66.63919570728348
1976,66.84796452637795
1980,67.03578007125984
1984,67.20714902263784
1988,67.35499573622047
1992,67.46062681496065
1996,67.54724534311025
2000,67.61592418700786
2004,67.64058126003934
2008,67.62527783720473
2012,67.57351529704721
2016,67.5038423838583
